experiment_tag,conversion_rate,mean_pickup,driver_acceptance_rate,customer_cancellation_rate
A,0.7812427139193285,4.7610496592388625,0.8803278688524591,0.2035708034307719
B,0.8605303237893744,4.805187379893882,0.9105262567702435,0.12871192407775908
